Bin_Start_Value,Count_410nm,Count_463nm,Count_500nm,Count_557nm,Count_605nm,Count_666nm,Count_693nm,Count_756nm,Count_807nm,Count_869nm
0.0,0,0,0,0,0,0,0,0,0,0
3.99609375,0,0,0,0,0,0,0,0,0,0
7.9921875,0,0,0,0,0,0,0,0,0,0
11.98828125,0,0,0,0,0,0,0,0,0,0
15.984375,0,0,0,0,0,0,0,0,0,0
19.98046875,0,0,0,0,0,0,0,0,0,0
23.9765625,0,0,0,0,0,0,0,0,0,0
27.97265625,0,0,0,0,0,0,0,0,0,0
31.96875,0,0,0,0,0,0,0,0,0,0
35.96484375,0,0,0,0,0,0,0,0,0,0
39.9609375,0,0,0,0,0,0,0,0,0,0
43.95703125,0,0,0,8,0,0,0,0,0,2
47.953125,0,0,0,233,0,0,0,0,0,114
51.94921875,0,0,0,1349,0,2,0,0,0,1000
55.9453125,0,0,0,3642,0,14,0,1,0,3037
59.94140625,0,0,0,6586,0,48,0,0,0,5843
63.9375,0,0,0,7485,0,127,0,1,0,7732
67.93359375,0,0,0,5598,0,563,0,12,0,5978
71.9296875,0,0,0,4488,0,1384,0,27,0,4646
75.92578125,0,0,0,3891,0,2579,0,24,0,4058
79.921875,0,1,0,3083,0,4787,0,18,0,3375
83.91796875,0,2,0,2563,0,6593,0,11,0,2589
87.9140625,0,24,0,2222,0,7168,0,9,0,2254
91.91015625,0,141,0,2017,0,6565,0,10,0,2121
95.90625,0,372,0,1598,0,5604,0,24,0,1679
99.90234375,0,756,0,1261,0,4138,0,72,0,1284
103.8984375,0,1121,3,1062,0,3013,0,191,0,1111
107.89453125,0,1535,18,851,0,1983,0,442,4,947
111.890625,0,1876,74,685,0,1619,0,765,13,689
115.88671875,0,2445,198,509,0,1349,0,1185,53,592
119.8828125,0,2970,389,477,0,993,0,1857,181,453
123.87890625,0,2970,600,432,0,820,0,2620,374,433
127.875,0,2567,799,387,1,687,0,3169,566,386
131.87109375,0,2095,1006,326,1,576,0,3819,721,337
135.8671875,0,1587,1149,327,7,523,0,4252,911,343
139.86328125,0,1335,1403,291,18,508,0,4536,1117,279
143.859375,0,1256,1766,280,37,473,0,4650,1302,267
147.85546875,0,1324,2267,278,104,415,0,4367,1702,254
151.8515625,0,1278,2626,261,232,386,0,3804,1992,301
155.84765625,0,1240,2845,224,421,384,0,3472,2495,253
159.84375,0,1172,2560,203,530,320,0,2893,2824,232
163.83984375,0,1127,2056,226,702,338,0,2206,2619,219
167.8359375,0,1025,1753,224,767,350,0,1675,2232,208
171.83203125,0,1051,1563,230,874,346,0,1198,1774,239
175.828125,0,1011,1418,220,985,317,0,949,1572,202
179.82421875,0,920,1445,206,1308,364,0,765,1447,214
183.8203125,0,890,1431,223,1573,321,0,652,1381,172
187.81640625,0,808,1391,191,2162,362,1,644,1387,193
191.8125,0,740,1375,186,2531,361,0,527,1394,201
195.80859375,0,668,1275,190,2638,356,2,495,1321,196
199.8046875,0,619,1192,170,2520,413,4,461,1284,220
203.80078125,0,576,1077,204,2222,433,10,466,1179,225
207.796875,0,542,979,178,1970,446,20,474,1102,177
211.79296875,0,501,930,183,1702,434,56,435,1022,176
215.7890625,0,479,831,189,1474,473,104,386,957,190
219.78515625,0,474,824,211,1447,516,165,414,856,194
223.78125,0,497,790,212,1507,556,242,380,780,188
227.77734375,0,531,718,184,1375,639,232,406,724,176
231.7734375,0,537,704,206,1362,798,313,461,709,199
235.76953125,1,568,685,192,1192,1086,342,417,647,205
239.765625,0,548,655,206,1115,1400,369,405,637,208
243.76171875,4,540,624,220,961,1771,330,393,637,205
247.7578125,5,534,583,221,901,1981,361,410,628,212
251.75390625,9,460,629,204,833,2270,418,388,615,202
255.75,8,436,558,204,827,2558,451,410,585,231
259.74609375,10,416,529,196,746,2715,431,437,574,209
263.7421875,18,391,497,212,687,2852,515,436,577,197
267.73828125,17,356,485,211,691,2872,544,491,582,223
271.734375,19,330,422,224,650,2953,626,563,485,208
275.73046875,24,302,414,216,601,3072,644,661,491,202
279.7265625,44,321,366,274,621,3096,719,748,454,234
283.72265625,60,268,388,308,554,3151,750,1035,387,282
287.71875,74,287,305,289,540,3257,899,1266,359,279
291.71484375,126,281,337,292,515,3313,978,1420,321,305
295.7109375,147,252,292,317,517,3544,1155,1707,301,324
299.70703125,233,237,285,374,485,3717,1370,1891,324,350
303.703125,240,228,310,435,403,3675,1399,2091,301,424
307.69921875,219,196,270,445,368,3553,1508,2255,299,465
311.6953125,239,197,251,604,358,3062,1451,2337,309,528
315.69140625,251,157,223,778,299,2672,1368,2493,282,729
319.6875,266,142,237,938,309,2490,1318,2572,256,819
323.68359375,267,136,207,1176,305,2386,1206,2495,221,1021
327.6796875,256,126,167,1429,297,2553,1074,2564,222,1324
331.67578125,263,137,169,1649,308,2441,978,2594,212,1499
335.671875,275,123,172,1877,321,2565,948,2743,201,1771
339.66796875,281,135,164,2081,305,2746,825,2799,187,1995
343.6640625,268,136,159,2003,269,2656,831,2725,177,2099
347.66015625,356,136,158,1992,295,2661,823,2915,186,2036
351.65625,356,109,143,2013,263,2624,729,2875,172,2122
355.65234375,380,115,129,2014,296,2570,714,3119,155,2073
359.6484375,370,99,116,2069,267,2681,695,3235,151,2030
363.64453125,405,99,143,2099,232,2847,688,3164,149,2124
367.640625,450,109,123,2051,229,3170,717,3095,105,2111
371.63671875,520,103,133,2092,232,3684,659,2722,113,2163
375.6328125,519,105,99,2199,198,4356,593,2502,111,2141
379.62890625,635,114,126,2208,178,5108,633,2201,105,2209
383.625,698,92,99,2423,218,6046,571,2229,98,2296
387.62109375,766,75,88,2555,186,6711,572,2188,100,2559
391.6171875,857,80,94,2717,140,7426,551,2303,105,2579
395.61328125,962,88,114,2911,139,8095,582,2394,113,2786
399.609375,1044,71,86,3063,146,7870,546,2389,107,3019
403.60546875,1064,87,99,3117,138,7354,529,2547,114,3138
407.6015625,1187,63,85,3016,126,6430,509,2569,99,3100
411.59765625,1182,92,99,2767,129,5418,493,2652,95,2954
415.59375,1180,75,90,2519,137,4505,435,2521,94,2756
419.58984375,1159,83,72,2266,123,3541,407,2586,80,2452
423.5859375,1177,64,81,1959,136,2910,402,2666,74,2145
427.58203125,1118,76,95,2027,136,2476,405,2641,90,2021
431.578125,1098,74,75,2098,141,2106,397,2872,95,2002
435.57421875,1085,84,74,2092,119,1792,364,3056,81,2022
439.5703125,1031,59,78,2202,141,1426,365,3580,80,2121
443.56640625,1026,65,72,2319,134,1206,365,3980,100,2120
447.5625,1057,64,72,2262,108,1033,360,4534,78,2166
451.55859375,1056,65,71,2289,104,888,303,5397,82,2259
455.5546875,1026,79,61,2287,110,788,328,5771,86,2317
459.55078125,1032,75,64,2318,113,736,319,6372,83,2278
463.546875,1001,54,82,2334,113,647,302,6561,74,2264
467.54296875,987,62,82,2267,94,592,339,6593,66,2238
471.5390625,1013,80,81,2341,117,535,312,5939,71,2297
475.53515625,976,62,74,2558,93,516,344,5392,64,2419
479.53125,920,74,72,2602,105,465,366,4740,68,2526
483.52734375,863,60,77,2857,115,456,325,3803,79,2679
487.5234375,824,55,52,3172,90,409,278,3178,78,2814
491.51953125,805,56,89,3534,82,406,263,2747,58,2995
495.515625,721,60,65,3956,107,370,281,2505,71,3565
499.51171875,629,49,68,4628,93,359,244,2244,63,4183
503.5078125,637,61,53,5357,102,317,235,2067,66,4693
507.50390625,602,54,80,6105,76,316,236,1900,64,5604
511.5,584,52,72,6436,77,282,243,1833,71,6146
515.49609375,525,60,61,6655,87,265,204,1604,63,6709
519.4921875,494,71,73,6554,74,273,228,1503,66,6764
523.48828125,492,51,65,6242,76,267,201,1329,82,6579
527.484375,452,63,53,5596,84,306,194,1216,69,6129
531.48046875,422,60,72,4904,111,286,160,1126,62,5524
535.4765625,386,59,62,4356,88,266,170,907,76,4683
539.47265625,373,54,67,3681,94,271,157,835,69,4250
543.46875,364,55,68,3210,85,266,199,744,57,3409
547.46484375,332,55,73,2693,72,251,196,654,68,2996
551.4609375,317,44,68,2262,84,237,193,578,64,2479
555.45703125,292,50,72,1947,79,214,182,527,66,2252
559.453125,254,45,59,1660,85,211,183,518,67,1849
563.44921875,255,53,54,1392,87,213,170,491,64,1515
567.4453125,229,57,62,1178,75,234,160,470,78,1281
571.44140625,222,50,60,985,92,235,160,438,56,1087
575.4375,196,56,66,846,107,193,133,443,69,901
579.43359375,215,45,70,757,90,179,162,341,83,747
583.4296875,224,54,63,617,93,189,147,327,50,678
587.42578125,179,47,72,611,91,148,133,317,59,595
591.421875,206,60,87,502,104,189,119,304,52,518
595.41796875,221,52,68,495,77,143,146,271,62,496
599.4140625,224,52,66,466,77,148,147,240,66,444
603.41015625,226,54,66,464,99,136,147,245,68,429
607.40625,198,52,57,425,82,143,161,253,69,408
611.40234375,215,60,60,434,91,132,129,237,61,418
615.3984375,230,48,68,394,105,124,150,247,69,397
619.39453125,220,46,73,410,107,117,145,238,55,368
623.390625,155,35,59,402,90,124,129,225,65,415
627.38671875,165,50,55,375,91,117,130,221,62,366
631.3828125,155,46,57,385,104,123,124,235,66,368
635.37890625,150,58,74,354,122,96,124,216,61,371
639.375,146,35,67,331,83,107,120,206,62,366
643.37109375,149,51,51,313,114,116,108,217,76,369
647.3671875,125,59,73,307,96,96,96,226,58,340
651.36328125,142,50,63,284,117,98,96,211,69,316
655.359375,114,51,64,309,120,102,99,210,67,288
659.35546875,111,54,78,283,115,77,89,215,66,293
663.3515625,113,58,72,247,127,97,89,179,53,254
667.34765625,123,47,62,235,120,103,95,164,61,255
671.34375,100,56,80,280,124,93,81,197,79,228
675.33984375,98,55,67,263,125,87,77,167,66,250
679.3359375,89,43,61,235,140,80,71,156,71,238
683.33203125,100,53,85,233,148,73,72,156,57,241
687.328125,96,46,72,266,130,86,72,151,66,230
691.32421875,91,54,73,228,152,92,79,136,77,212
695.3203125,94,42,73,218,169,74,67,143,83,223
699.31640625,108,46,70,215,146,70,80,144,68,212
703.3125,90,51,70,196,149,77,77,130,68,207
707.30859375,103,63,80,178,175,68,72,136,70,207
711.3046875,71,49,78,159,142,78,77,122,69,175
715.30078125,89,59,83,176,174,81,71,116,66,189
719.296875,87,42,66,165,156,59,71,116,70,175
723.29296875,74,55,73,141,167,86,48,115,63,186
727.2890625,77,36,61,175,190,76,58,118,72,162
731.28515625,83,51,86,167,178,79,65,89,73,170
735.28125,86,41,75,151,191,98,61,100,67,157
739.27734375,79,50,59,142,192,102,59,108,88,140
743.2734375,81,50,75,126,168,97,55,87,70,131
747.26953125,89,46,73,136,217,91,62,102,76,132
751.265625,75,52,69,110,183,98,67,99,73,125
755.26171875,71,55,75,87,203,73,67,82,66,120
759.2578125,85,61,78,126,219,78,69,88,70,117
763.25390625,77,42,76,111,242,80,73,91,57,102
767.25,69,53,76,102,227,76,45,88,68,117
771.24609375,65,58,71,104,235,70,51,85,82,110
775.2421875,60,45,90,107,206,65,51,89,68,94
779.23828125,73,51,90,91,239,71,34,86,72,109
783.234375,77,50,90,92,261,57,57,84,87,96
787.23046875,72,49,98,93,288,64,55,75,74,88
791.2265625,83,48,97,82,294,78,42,68,103,65
795.22265625,68,60,72,93,321,56,58,66,84,96
799.21875,62,53,93,98,302,59,58,81,95,76
803.21484375,77,50,91,90,290,71,45,62,92,82
807.2109375,73,59,106,74,331,61,56,67,86,94
811.20703125,55,60,100,86,347,54,62,60,114,73
815.203125,68,54,83,88,344,52,42,65,92,86
819.19921875,71,45,97,51,390,63,46,56,92,79
823.1953125,58,50,124,59,429,56,49,54,93,74
827.19140625,63,52,104,80,442,41,41,59,110,75
831.1875,55,65,100,82,472,57,45,64,83,75
835.18359375,52,63,123,64,509,42,33,75,106,78
839.1796875,49,54,88,57,532,47,56,65,104,61
843.17578125,62,63,108,62,577,32,53,52,92,64
847.171875,67,59,122,85,589,37,46,75,94,68
851.16796875,66,67,111,84,617,33,46,71,102,66
855.1640625,74,63,117,66,660,14,47,72,122,77
859.16015625,54,48,116,83,717,11,42,67,96,69
863.15625,55,67,136,78,696,13,53,81,118,79
867.15234375,65,50,154,73,710,8,52,81,124,78
871.1484375,57,53,137,73,727,5,53,83,106,82
875.14453125,59,50,145,74,727,3,49,78,138,76
879.140625,61,54,151,87,799,0,46,74,113,90
883.13671875,55,52,191,80,797,0,57,63,115,76
887.1328125,52,48,190,95,854,0,43,73,136,74
891.12890625,53,59,191,79,818,0,57,78,153,86
895.125,49,51,194,83,835,0,47,65,130,85
899.12109375,64,59,225,71,916,0,45,72,138,67
903.1171875,49,45,262,79,955,0,28,65,147,91
907.11328125,50,58,238,74,958,0,39,67,160,81
911.109375,60,49,309,74,926,0,30,53,192,79
915.10546875,61,47,322,77,956,0,37,67,203,67
919.1015625,64,47,315,69,1040,0,43,65,236,66
923.09765625,53,55,360,57,1020,0,48,66,217,64
927.09375,48,63,388,60,1017,0,48,67,220,57
931.08984375,49,50,408,60,1025,0,39,49,256,65
935.0859375,59,48,394,57,1008,0,41,48,262,65
939.08203125,44,61,456,62,977,0,48,52,277,47
943.078125,46,57,487,66,1018,0,35,60,310,73
947.07421875,53,62,551,47,1008,0,40,44,313,55
951.0703125,50,67,550,69,962,0,41,46,369,52
955.06640625,45,60,575,63,994,0,44,58,372,71
959.0625,39,76,557,68,941,0,52,60,382,49
963.05859375,47,73,662,56,931,0,33,50,428,63
967.0546875,51,78,595,62,910,0,44,52,430,54
971.05078125,50,70,637,52,893,0,43,48,464,49
975.046875,40,69,669,54,928,0,36,44,500,53
979.04296875,34,60,687,47,931,0,43,37,524,53
983.0390625,37,62,709,44,901,0,55,28,536,43
987.03515625,54,90,720,35,960,0,39,35,537,61
991.03125,41,88,745,36,883,0,53,31,596,42
995.02734375,44,79,783,37,927,0,46,31,593,46
999.0234375,58,86,793,42,981,0,54,24,664,35
1003.01953125,38,84,777,27,965,0,49,15,673,45
1007.015625,50,86,746,23,977,0,46,14,722,26
1011.01171875,43,102,761,27,936,0,44,4,749,37
1015.0078125,39,98,782,13,989,0,48,2,675,30
1019.00390625,207919,202485,183883,80,156328,1,208031,3,189174,75
